"","scrubbed_family","scrubbed_genus","scrubbed_species_binomial","trait_name","trait_value","unit","method","latitude","longitude","elevation_m","url_source","project_pi","region","country","state_province","locality_description","access","id"
"1","Polemoniaceae","Gilia","Gilia tricolor","seed mass","0.542","mg","data compilation",NA,NA,NA,"http://ucjeps.berkeley.edu/EFT.html","D.D. Ackerly","dackerly@berkeley.edu","United States","California",NA,"public",14634
"2","Polemoniaceae","Phlox","Phlox subulata","plant flowering begin","5","month","first-flowering time",NA,NA,NA,NA,"Steven Travers","steven.travers@ndsu.edu","United States","North Dakota",NA,"public",14637
"3","Polemoniaceae","Polemonium","Polemonium reptans","plant flowering begin","5","month","first-flowering time",NA,NA,NA,NA,"Steven Travers","steven.travers@ndsu.edu","United States","North Dakota",NA,"public",14639
"4","Polemoniaceae","Polemonium","Polemonium viscosum","leaf nitrogen content per leaf dry mass","40.5553837","mg.g-1","Total amount of N per unit of dry leaf mass - Cornelissen et al. 2003",NA,NA,4267,NA,"Cyrille Violle/Brian Enquist ","cyrille.violle@cefe.cnrs.fr;benquist@email.arizona.edu","United States","Colorado",NA,"public",3101934
"5","Polemoniaceae","Polemonium","Polemonium reptans","plant flowering begin","5/6/1949","date","first-flowering time",NA,NA,NA,NA,"Steven Travers","steven.travers@ndsu.edu","United States","North Dakota",NA,"public",3102092
"6","Polemoniaceae","Phlox","Phlox subulata","plant flowering begin","5/17/1949","date","first-flowering time",NA,NA,NA,NA,"Steven Travers","steven.travers@ndsu.edu","United States","North Dakota",NA,"public",3104276
"7","Polemoniaceae","Phlox","Phlox subulata","plant flowering begin","5","month","first-flowering time",NA,NA,NA,NA,"Steven Travers","steven.travers@ndsu.edu","United States","North Dakota",NA,"public",3104277
"8","Polemoniaceae","Phlox","Phlox subulata","plant flowering begin","5","month","first-flowering time",NA,NA,NA,NA,"Steven Travers","steven.travers@ndsu.edu","United States","North Dakota",NA,"public",3107277
"9","Polemoniaceae","Phlox","Phlox hoodii","plant flowering begin","5/15/1954","date","first-flowering time",NA,NA,NA,NA,"Steven Travers","steven.travers@ndsu.edu","United States","North Dakota",NA,"public",3107446
"10","Polemoniaceae","Phlox","Phlox hoodii","plant flowering begin","5","month","first-flowering time",NA,NA,NA,NA,"Steven Travers","steven.travers@ndsu.edu","United States","North Dakota",NA,"public",3107441
"11","Polemoniaceae","Polemonium","Polemonium viscosum","leaf carbon content per leaf dry mass","390.540267","mg.g-1","carbon concentration of oven-dried (70ÃÂ°C for 72 hours) tissue",NA,NA,4267,NA,"Cyrille Violle/Brian Enquist ","cyrille.violle@cefe.cnrs.fr;benquist@email.arizona.edu","United States","Colorado",NA,"public",3108147
"12","Polemoniaceae","Phlox","Phlox subulata","plant flowering begin","5","month","first-flowering time",NA,NA,NA,NA,"Steven Travers","steven.travers@ndsu.edu","United States","North Dakota",NA,"public",3108289
"13","Polemoniaceae","Polemonium","Polemonium viscosum","leaf carbon content per leaf dry mass","407.801949","mg.g-1","carbon concentration of oven-dried (70ÃÂ°C for 72 hours) tissue",NA,NA,4267,NA,"Cyrille Violle/Brian Enquist ","cyrille.violle@cefe.cnrs.fr;benquist@email.arizona.edu","United States","Colorado",NA,"public",3114311
"14","Polemoniaceae","Phlox","Phlox subulata","plant flowering begin","5/28/1944","date","first-flowering time",NA,NA,NA,NA,"Steven Travers","steven.travers@ndsu.edu","United States","North Dakota",NA,"public",3114347
"15","Polemoniaceae","Phlox","Phlox divaricata","plant flowering begin","5","month","first-flowering time",NA,NA,NA,NA,"Steven Travers","steven.travers@ndsu.edu","United States","North Dakota",NA,"public",3124167
"16","Polemoniaceae","Phlox","Phlox glaberrima","whole plant height","1","m","Maximum height",NA,NA,NA,NA,NA,NA,"United States","Indiana",NA,"public",3132530
"17","Polemoniaceae","Phlox","Phlox maculata","whole plant height","0.9","m","Maximum height",NA,NA,NA,NA,NA,NA,"United States","Indiana",NA,"public",3132531
"18","Polemoniaceae","Polemonium","Polemonium viscosum","leaf phosphorus content per leaf dry mass","5.76597","mg.g-1",NA,NA,NA,4267,NA,"Cyrille Violle/Brian Enquist ","cyrille.violle@cefe.cnrs.fr;benquist@email.arizona.edu","United States","Colorado",NA,"public",3167680
"19","Polemoniaceae","Phlox","Phlox subulata","plant flowering begin","6/3/1950","date","first-flowering time",NA,NA,NA,NA,"Steven Travers","steven.travers@ndsu.edu","United States","North Dakota",NA,"public",3170590
"20","Polemoniaceae","Phlox","Phlox hoodii","plant flowering begin","5/4/1911","date","first-flowering time",NA,NA,NA,NA,"Steven Travers","steven.travers@ndsu.edu","United States","North Dakota",NA,"public",3171477
"21","Polemoniaceae","Polemonium","Polemonium reptans","plant flowering begin","5/24/1956","date","first-flowering time",NA,NA,NA,NA,"Steven Travers","steven.travers@ndsu.edu","United States","North Dakota",NA,"public",3175013
"22","Polemoniaceae","Phlox","Phlox hoodii","plant flowering begin","5/21/1961","date","first-flowering time",NA,NA,NA,NA,"Steven Travers","steven.travers@ndsu.edu","United States","North Dakota",NA,"public",3171958
"23","Polemoniaceae","Phlox","Phlox divaricata","plant flowering begin","5/8/1949","date","first-flowering time",NA,NA,NA,NA,"Steven Travers","steven.travers@ndsu.edu","United States","North Dakota",NA,"public",3172432
"24","Polemoniaceae","Phlox","Phlox hoodii","plant flowering begin","4","month","first-flowering time",NA,NA,NA,NA,"Steven Travers","steven.travers@ndsu.edu","United States","North Dakota",NA,"public",3172439
"25","Polemoniaceae","Phlox","Phlox hoodii","plant flowering begin","4/12/1910","date","first-flowering time",NA,NA,NA,NA,"Steven Travers","steven.travers@ndsu.edu","United States","North Dakota",NA,"public",3172528
"26","Polemoniaceae","Phlox","Phlox hoodii","plant flowering begin","5/2/1913","date","first-flowering time",NA,NA,NA,NA,"Steven Travers","steven.travers@ndsu.edu","United States","North Dakota",NA,"public",3172518
"27","Polemoniaceae","Phlox","Phlox hoodii","plant flowering begin","5","month","first-flowering time",NA,NA,NA,NA,"Steven Travers","steven.travers@ndsu.edu","United States","North Dakota",NA,"public",3172552
"28","Polemoniaceae","Polemonium","Polemonium reptans","plant flowering begin","5","month","first-flowering time",NA,NA,NA,NA,"Steven Travers","steven.travers@ndsu.edu","United States","North Dakota",NA,"public",3174688
"29","Polemoniaceae","Polemonium","Polemonium reptans","plant flowering begin","5/12/1957","date","first-flowering time",NA,NA,NA,NA,"Steven Travers","steven.travers@ndsu.edu","United States","North Dakota",NA,"public",3174617
"30","Polemoniaceae","Gilia","Gilia capitata","leaf carbon content per leaf nitrogen content","16.2790698",NA,NA,NA,NA,1750,"http://datadryad.org/resource/doi:10.5061/dryad.q2n8p","Stevens JT","jtstevens@ucdavis.edu","United States","California",NA,"public",3175882
"31","Polemoniaceae","Polemonium","Polemonium reptans","plant flowering begin","5","month","first-flowering time",NA,NA,NA,NA,"Steven Travers","steven.travers@ndsu.edu","United States","North Dakota",NA,"public",3208509
"32","Polemoniaceae","Polemonium","Polemonium reptans","plant flowering begin","5/19/1960","date","first-flowering time",NA,NA,NA,NA,"Steven Travers","steven.travers@ndsu.edu","United States","North Dakota",NA,"public",3209259
"33","Polemoniaceae","Polemonium","Polemonium reptans","plant flowering begin","5/15/1951","date","first-flowering time",NA,NA,NA,NA,"Steven Travers","steven.travers@ndsu.edu","United States","North Dakota",NA,"public",3209260
"34","Polemoniaceae","Polemonium","Polemonium reptans","plant flowering begin","5","month","first-flowering time",NA,NA,NA,NA,"Steven Travers","steven.travers@ndsu.edu","United States","North Dakota",NA,"public",3222959
"35","Polemoniaceae","Phlox","Phlox subulata","plant flowering begin","5/3/1952","date","first-flowering time",NA,NA,NA,NA,"Steven Travers","steven.travers@ndsu.edu","United States","North Dakota",NA,"public",3221902
"36","Polemoniaceae","Phlox","Phlox subulata","plant flowering begin","5/15/1951","date","first-flowering time",NA,NA,NA,NA,"Steven Travers","steven.travers@ndsu.edu","United States","North Dakota",NA,"public",3222081
"37","Polemoniaceae","Phlox","Phlox subulata","plant flowering begin","5","month","first-flowering time",NA,NA,NA,NA,"Steven Travers","steven.travers@ndsu.edu","United States","North Dakota",NA,"public",3222105
"38","Polemoniaceae","Phlox","Phlox subulata","plant flowering begin","5/19/1948","date","first-flowering time",NA,NA,NA,NA,"Steven Travers","steven.travers@ndsu.edu","United States","North Dakota",NA,"public",3222634
"39","Polemoniaceae","Polemonium","Polemonium reptans","plant flowering begin","5/22/1961","date","first-flowering time",NA,NA,NA,NA,"Steven Travers","steven.travers@ndsu.edu","United States","North Dakota",NA,"public",3222839
"40","Polemoniaceae","Collomia","Collomia heterophylla","leaf area per leaf dry mass","0.21577821","m2.kg-1",NA,NA,NA,1750,"http://datadryad.org/resource/doi:10.5061/dryad.q2n8p","Stevens JT","jtstevens@ucdavis.edu","United States","California",NA,"public",3222958
"41","Polemoniaceae","Phlox","Phlox gracilis","leaf area per leaf dry mass","0.235617716","m2.kg-1",NA,NA,NA,1750,"http://datadryad.org/resource/doi:10.5061/dryad.q2n8p","Stevens JT","jtstevens@ucdavis.edu","United States","California",NA,"public",3222961
"42","Polemoniaceae","Linanthus","Linanthus ciliatus","leaf area per leaf dry mass","0.132846004","m2.kg-1",NA,NA,NA,1750,"http://datadryad.org/resource/doi:10.5061/dryad.q2n8p","Stevens JT","jtstevens@ucdavis.edu","United States","California",NA,"public",3222971
"43","Polemoniaceae","Phlox","Phlox gracilis","leaf carbon content per leaf nitrogen content","19.4527363",NA,NA,NA,NA,1750,"http://datadryad.org/resource/doi:10.5061/dryad.q2n8p","Stevens JT","jtstevens@ucdavis.edu","United States","California",NA,"public",3222978
"44","Polemoniaceae","Phlox","Phlox subulata","plant flowering begin","6","month","first-flowering time",NA,NA,NA,NA,"Steven Travers","steven.travers@ndsu.edu","United States","North Dakota",NA,"public",3222983
"45","Polemoniaceae","Phlox","Phlox diffusa","leaf carbon content per leaf nitrogen content","33.7459016",NA,NA,NA,NA,1750,"http://datadryad.org/resource/doi:10.5061/dryad.q2n8p","Stevens JT","jtstevens@ucdavis.edu","United States","California",NA,"public",3222984
"46","Polemoniaceae","Phlox","Phlox diffusa","leaf area per leaf dry mass","0.139680032","m2.kg-1",NA,NA,NA,1750,"http://datadryad.org/resource/doi:10.5061/dryad.q2n8p","Stevens JT","jtstevens@ucdavis.edu","United States","California",NA,"public",3222988
"47","Polemoniaceae","Polemonium","Polemonium reptans","plant flowering begin","5/5/1955","date","first-flowering time",NA,NA,NA,NA,"Steven Travers","steven.travers@ndsu.edu","United States","North Dakota",NA,"public",3222999
"48","Polemoniaceae","Polemonium","Polemonium reptans","plant flowering begin","5/21/1954","date","first-flowering time",NA,NA,NA,NA,"Steven Travers","steven.travers@ndsu.edu","United States","North Dakota",NA,"public",3257972
"49","Polemoniaceae","Polemonium","Polemonium reptans","plant flowering begin","5","month","first-flowering time",NA,NA,NA,NA,"Steven Travers","steven.travers@ndsu.edu","United States","North Dakota",NA,"public",3472134
"50","Polemoniaceae","Polemonium","Polemonium reptans","plant flowering begin","5","month","first-flowering time",NA,NA,NA,NA,"Steven Travers","steven.travers@ndsu.edu","United States","North Dakota",NA,"public",3480326
"51","Polemoniaceae","Polemonium","Polemonium reptans","plant flowering begin","5","month","first-flowering time",NA,NA,NA,NA,"Steven Travers","steven.travers@ndsu.edu","United States","North Dakota",NA,"public",3480333
"52","Polemoniaceae","Polemonium","Polemonium reptans","plant flowering begin","5","month","first-flowering time",NA,NA,NA,NA,"Steven Travers","steven.travers@ndsu.edu","United States","North Dakota",NA,"public",3481593
"53","Polemoniaceae","Phlox","Phlox hoodii","plant flowering begin","5","month","first-flowering time",NA,NA,NA,NA,"Steven Travers","steven.travers@ndsu.edu","United States","North Dakota",NA,"public",3483870
"54","Polemoniaceae","Phlox","Phlox hoodii","plant flowering begin","5","month","first-flowering time",NA,NA,NA,NA,"Steven Travers","steven.travers@ndsu.edu","United States","North Dakota",NA,"public",3483876
"55","Polemoniaceae","Collomia","Collomia linearis","plant flowering begin","6","month","first-flowering time",NA,NA,NA,NA,"Steven Travers","steven.travers@ndsu.edu","United States","North Dakota",NA,"public",3667218
"56","Polemoniaceae","Collomia","Collomia linearis","plant flowering begin","6/13/1918","date","first-flowering time",NA,NA,NA,NA,"Steven Travers","steven.travers@ndsu.edu","United States","North Dakota",NA,"public",3667463
"57","Polemoniaceae","Phlox","Phlox andicola","plant flowering begin","5","month","first-flowering time",NA,NA,NA,NA,"Steven Travers","steven.travers@ndsu.edu","United States","North Dakota",NA,"public",3668720
"58","Polemoniaceae","Phlox","Phlox andicola","plant flowering begin","5/19/1961","date","first-flowering time",NA,NA,NA,NA,"Steven Travers","steven.travers@ndsu.edu","United States","North Dakota",NA,"public",3669314
"59","Polemoniaceae","Gilia","Gilia capitata","leaf area per leaf dry mass","0.170797425","m2.kg-1",NA,NA,NA,1750,"http://datadryad.org/resource/doi:10.5061/dryad.q2n8p","Stevens JT","jtstevens@ucdavis.edu","United States","California",NA,"public",3669315
"60","Polemoniaceae","Ipomopsis","Ipomopsis multiflora","whole plant growth form","herb",NA,NA,NA,NA,NA,"http://www.jstor.org.ezproxy4.library.arizona.edu/stable/pdf/40021924.pdf","Whittaker RH",NA,"United States","Arizona","Santa Clarita Mountains","public",3845298
"61","Polemoniaceae","Phlox","Phlox tenuifolia","whole plant growth form","shrub",NA,NA,NA,NA,NA,"http://www.jstor.org.ezproxy4.library.arizona.edu/stable/pdf/40021924.pdf","Whittaker RH",NA,"United States","Arizona","Santa Clarita Mountains","public",3845373
"62","Polemoniaceae","Polemonium","Polemonium acutiflorum","whole plant growth form","forb",NA,NA,NA,NA,NA,"http://ac.els-cdn.com.ezproxy3.library.arizona.edu/0305197879900516/1-s2.0-0305197879900516-main.pdf?_tid=9dfc0d4c-17f2-11e7-bc41-00000aab0f02&acdnat=1491171825_910a0764c345f0cdf370af496d1f9334","Jung HJG",NA,"United States","Alaska",NA,"public",3845446
"63","Polemoniaceae","Phlox","Phlox adsurgens","whole plant growth form","herb",NA,NA,NA,NA,NA,"http://onlinelibrary.wiley.com.ezproxy2.library.arizona.edu/doi/10.2307/1943563/epdf","Whittaker RH",NA,"United States",NA,"Siskiyou Mountains","public",3849322
"64","Polemoniaceae","Phlox","Phlox bifida","whole plant height","0.2","m","Maximum height",NA,NA,NA,NA,NA,NA,"United States","Indiana",NA,"public",3906909
"65","Polemoniaceae","Polemonium","Polemonium viscosum","leaf phosphorus content per leaf dry mass","5.66054","mg.g-1",NA,NA,NA,4267,NA,"Cyrille Violle/Brian Enquist ","cyrille.violle@cefe.cnrs.fr;benquist@email.arizona.edu","United States","Colorado",NA,"public",4020599
"66","Polemoniaceae","Phlox","Phlox hoodii","leaf nitrogen content per leaf dry mass","10.445","mg.g-1","Total amount of N per unit of dry leaf mass - Cornelissen et al. 2003",38.65511,-106.86,2468,NA,"Cyrille Violle/Brian Enquist ","cyrille.violle@cefe.cnrs.fr;benquist@email.arizona.edu","United States","Colorado","Several hundred meters up Forest Service Access road directly across the street from Almont Campground ~2.5 miles south of Almont on Rt. 135","public",4020184
"67","Polemoniaceae","Polemonium","Polemonium viscosum","leaf nitrogen content per leaf dry mass","39.10848509","mg.g-1","Total amount of N per unit of dry leaf mass - Cornelissen et al. 2003",NA,NA,4267,NA,"Cyrille Violle/Brian Enquist ","cyrille.violle@cefe.cnrs.fr;benquist@email.arizona.edu","United States","Colorado",NA,"public",4020857
"68","Polemoniaceae","Collomia","Collomia heterophylla","leaf carbon content per leaf nitrogen content","26.8645161",NA,NA,NA,NA,1750,"http://datadryad.org/resource/doi:10.5061/dryad.q2n8p","Stevens JT","jtstevens@ucdavis.edu","United States","California",NA,"public",4303740
"69","Polemoniaceae","Linanthus","Linanthus ciliatus","leaf carbon content per leaf nitrogen content","17.3194444",NA,NA,NA,NA,1750,"http://datadryad.org/resource/doi:10.5061/dryad.q2n8p","Stevens JT","jtstevens@ucdavis.edu","United States","California",NA,"public",4369205
"70","Polemoniaceae","Phlox","Phlox speciosa","seed mass","4.15","mg","data compilation",NA,NA,NA,"http://ucjeps.berkeley.edu/EFT.html","D.D. Ackerly","dackerly@berkeley.edu","United States","California",NA,"public",4400964
"71","Polemoniaceae","Polemonium","Polemonium occidentale","seed mass","0.567","mg","data compilation",NA,NA,NA,"http://ucjeps.berkeley.edu/EFT.html","D.D. Ackerly","dackerly@berkeley.edu","United States","California",NA,"public",4428878
"72","Polemoniaceae","Gilia","Gilia capitata","seed mass","0.522","mg","data compilation",NA,NA,NA,"http://ucjeps.berkeley.edu/EFT.html","D.D. Ackerly","dackerly@berkeley.edu","United States","California",NA,"public",4413978
"73","Polemoniaceae","Gilia","Gilia capitata","seed mass","0.283","mg","data compilation",NA,NA,NA,"http://ucjeps.berkeley.edu/EFT.html","D.D. Ackerly","dackerly@berkeley.edu","United States","California",NA,"public",4429296
"74","Polemoniaceae","Gilia","Gilia capitata","seed mass","0.242","mg","data compilation",NA,NA,NA,"http://ucjeps.berkeley.edu/EFT.html","D.D. Ackerly","dackerly@berkeley.edu","United States","California",NA,"public",4429297
"75","Polemoniaceae","Leptodactylon","Leptodactylon californicum","seed mass","0.194","mg","data compilation",NA,NA,NA,"http://ucjeps.berkeley.edu/EFT.html","D.D. Ackerly","dackerly@berkeley.edu","United States","California",NA,"public",4429298
"76","Polemoniaceae","Linanthus","Linanthus harknessii","seed mass","0.286","mg","data compilation",NA,NA,NA,"http://ucjeps.berkeley.edu/EFT.html","D.D. Ackerly","dackerly@berkeley.edu","United States","California",NA,"public",4429299
"77","Polemoniaceae","Gilia","Gilia nevinii","seed mass","0.169","mg","data compilation",NA,NA,NA,"http://ucjeps.berkeley.edu/EFT.html","D.D. Ackerly","dackerly@berkeley.edu","United States","California",NA,"public",4429313
"78","Polemoniaceae","Gilia","Gilia capitata","seed mass","0.559","mg","data compilation",NA,NA,NA,"http://ucjeps.berkeley.edu/EFT.html","D.D. Ackerly","dackerly@berkeley.edu","United States","California",NA,"public",4429321
"79","Polemoniaceae","Phlox","Phlox gracilis","seed mass","0.74","mg","data compilation",NA,NA,NA,"http://ucjeps.berkeley.edu/EFT.html","D.D. Ackerly","dackerly@berkeley.edu","United States","California",NA,"public",4429322
"80","Polemoniaceae","Gilia","Gilia latiflora","seed mass","0.268","mg","data compilation",NA,NA,NA,"http://ucjeps.berkeley.edu/EFT.html","D.D. Ackerly","dackerly@berkeley.edu","United States","California",NA,"public",4429323
"81","Polemoniaceae","Gilia","Gilia tricolor","seed mass","0.47","mg","data compilation",NA,NA,NA,"http://ucjeps.berkeley.edu/EFT.html","D.D. Ackerly","dackerly@berkeley.edu","United States","California",NA,"public",4429324
"82","Polemoniaceae","Leptodactylon","Leptodactylon pungens","seed mass","4.667","mg","data compilation",NA,NA,NA,"http://ucjeps.berkeley.edu/EFT.html","D.D. Ackerly","dackerly@berkeley.edu","United States","California",NA,"public",4429325
"83","Polemoniaceae","Eriastrum","Eriastrum sapphirinum","seed mass","0.19","mg","data compilation",NA,NA,NA,"http://ucjeps.berkeley.edu/EFT.html","D.D. Ackerly","dackerly@berkeley.edu","United States","California",NA,"public",4429326
"84","Polemoniaceae","Gilia","Gilia aliquanta","seed mass","0.204","mg","data compilation",NA,NA,NA,"http://ucjeps.berkeley.edu/EFT.html","D.D. Ackerly","dackerly@berkeley.edu","United States","California",NA,"public",4429327
"85","Polemoniaceae","Gilia","Gilia nevinii","seed mass","0.239","mg","data compilation",NA,NA,NA,"http://ucjeps.berkeley.edu/EFT.html","D.D. Ackerly","dackerly@berkeley.edu","United States","California",NA,"public",4429328
"86","Polemoniaceae","Gilia","Gilia latiflora","seed mass","0.343","mg","data compilation",NA,NA,NA,"http://ucjeps.berkeley.edu/EFT.html","D.D. Ackerly","dackerly@berkeley.edu","United States","California",NA,"public",4429329
"87","Polemoniaceae","Linanthus","Linanthus dichotomus","seed mass","0.13","mg","data compilation",NA,NA,NA,"http://ucjeps.berkeley.edu/EFT.html","D.D. Ackerly","dackerly@berkeley.edu","United States","California",NA,"public",4429330
"88","Polemoniaceae","Gilia","Gilia ochroleuca","seed mass","0.256","mg","data compilation",NA,NA,NA,"http://ucjeps.berkeley.edu/EFT.html","D.D. Ackerly","dackerly@berkeley.edu","United States","California",NA,"public",4429331
"89","Polemoniaceae","Gilia","Gilia leptantha","seed mass","0.433","mg","data compilation",NA,NA,NA,"http://ucjeps.berkeley.edu/EFT.html","D.D. Ackerly","dackerly@berkeley.edu","United States","California",NA,"public",4429332
"90","Polemoniaceae","Gilia","Gilia leptantha","seed mass","0.767","mg","data compilation",NA,NA,NA,"http://ucjeps.berkeley.edu/EFT.html","D.D. Ackerly","dackerly@berkeley.edu","United States","California",NA,"public",4429333
"91","Polemoniaceae","Gilia","Gilia transmontana","seed mass","0.193","mg","data compilation",NA,NA,NA,"http://ucjeps.berkeley.edu/EFT.html","D.D. Ackerly","dackerly@berkeley.edu","United States","California",NA,"public",4429334
"92","Polemoniaceae","Ipomopsis","Ipomopsis aggregata","seed mass","3.82","mg","data compilation",NA,NA,NA,"http://ucjeps.berkeley.edu/EFT.html","D.D. Ackerly","dackerly@berkeley.edu","United States","California",NA,"public",4429335
"93","Polemoniaceae","Ipomopsis","Ipomopsis aggregata","seed mass","1.654","mg","data compilation",NA,NA,NA,"http://ucjeps.berkeley.edu/EFT.html","D.D. Ackerly","dackerly@berkeley.edu","United States","California",NA,"public",4429336
"94","Polemoniaceae","Loeseliastrum","Loeseliastrum schottii","seed mass","0.407","mg","data compilation",NA,NA,NA,"http://ucjeps.berkeley.edu/EFT.html","D.D. Ackerly","dackerly@berkeley.edu","United States","California",NA,"public",4429337
"95","Polemoniaceae","Phlox","Phlox gracilis","seed mass","1.601","mg","data compilation",NA,NA,NA,"http://ucjeps.berkeley.edu/EFT.html","D.D. Ackerly","dackerly@berkeley.edu","United States","California",NA,"public",4429338
"96","Polemoniaceae","Linanthus","Linanthus septentrionalis","seed mass","0.229","mg","data compilation",NA,NA,NA,"http://ucjeps.berkeley.edu/EFT.html","D.D. Ackerly","dackerly@berkeley.edu","United States","California",NA,"public",4429339
"97","Polemoniaceae","Linanthus","Linanthus montanus","seed mass","0.71","mg","data compilation",NA,NA,NA,"http://ucjeps.berkeley.edu/EFT.html","D.D. Ackerly","dackerly@berkeley.edu","United States","California",NA,"public",4429340
"98","Polemoniaceae","Polemonium","Polemonium carneum","seed mass","1.895","mg","data compilation",NA,NA,NA,"http://ucjeps.berkeley.edu/EFT.html","D.D. Ackerly","dackerly@berkeley.edu","United States","California",NA,"public",4429341
"99","Polemoniaceae","Eriastrum","Eriastrum diffusum","seed mass","0.494","mg","data compilation",NA,NA,NA,"http://ucjeps.berkeley.edu/EFT.html","D.D. Ackerly","dackerly@berkeley.edu","United States","California",NA,"public",4417161
"100","Polemoniaceae","Gilia","Gilia leptalea","seed mass","0.19","mg","data compilation",NA,NA,NA,"http://ucjeps.berkeley.edu/EFT.html","D.D. Ackerly","dackerly@berkeley.edu","United States","California",NA,"public",4428383
"101","Polemoniaceae","Linanthus","Linanthus dichotomus","seed mass","0.196","mg","data compilation",NA,NA,NA,"http://ucjeps.berkeley.edu/EFT.html","D.D. Ackerly","dackerly@berkeley.edu","United States","California",NA,"public",4428384
"102","Polemoniaceae","Gilia","Gilia angelensis","seed mass","0.217","mg","data compilation",NA,NA,NA,"http://ucjeps.berkeley.edu/EFT.html","D.D. Ackerly","dackerly@berkeley.edu","United States","California",NA,"public",4428524
"103","Polemoniaceae","Gilia","Gilia capillaris","seed mass","0.796","mg","data compilation",NA,NA,NA,"http://ucjeps.berkeley.edu/EFT.html","D.D. Ackerly","dackerly@berkeley.edu","United States","California",NA,"public",4428537
"104","Polemoniaceae","Gilia","Gilia nevinii","seed mass","0.294","mg","data compilation",NA,NA,NA,"http://ucjeps.berkeley.edu/EFT.html","D.D. Ackerly","dackerly@berkeley.edu","United States","California",NA,"public",4428538
"105","Polemoniaceae","Linanthus","Linanthus nuttallii","seed mass","0.581","mg","data compilation",NA,NA,NA,"http://ucjeps.berkeley.edu/EFT.html","D.D. Ackerly","dackerly@berkeley.edu","United States","California",NA,"public",4428539
"106","Polemoniaceae","Leptodactylon","Leptodactylon californicum","seed mass","0.174","mg","data compilation",NA,NA,NA,"http://ucjeps.berkeley.edu/EFT.html","D.D. Ackerly","dackerly@berkeley.edu","United States","California",NA,"public",4428540
"107","Polemoniaceae","Linanthus","Linanthus harknessii","seed mass","0.279","mg","data compilation",NA,NA,NA,"http://ucjeps.berkeley.edu/EFT.html","D.D. Ackerly","dackerly@berkeley.edu","United States","California",NA,"public",4428541
"108","Polemoniaceae","Linanthus","Linanthus parviflorus","seed mass","0.225","mg","data compilation",NA,NA,NA,"http://ucjeps.berkeley.edu/EFT.html","D.D. Ackerly","dackerly@berkeley.edu","United States","California",NA,"public",4428542
"109","Polemoniaceae","Gilia","Gilia micromeria","seed mass","0.264","mg","data compilation",NA,NA,NA,"http://ucjeps.berkeley.edu/EFT.html","D.D. Ackerly","dackerly@berkeley.edu","United States","California",NA,"public",4428543
"110","Polemoniaceae","Ipomopsis","Ipomopsis aggregata","seed mass","0.739","mg","data compilation",NA,NA,NA,"http://ucjeps.berkeley.edu/EFT.html","D.D. Ackerly","dackerly@berkeley.edu","United States","California",NA,"public",4428544
"111","Polemoniaceae","Phlox","Phlox gracilis","seed mass","1.218","mg","data compilation",NA,NA,NA,"http://ucjeps.berkeley.edu/EFT.html","D.D. Ackerly","dackerly@berkeley.edu","United States","California",NA,"public",4428545
"112","Polemoniaceae","Linanthus","Linanthus parryae","seed mass","0.025","mg","data compilation",NA,NA,NA,"http://ucjeps.berkeley.edu/EFT.html","D.D. Ackerly","dackerly@berkeley.edu","United States","California",NA,"public",4428546
"113","Polemoniaceae","Loeseliastrum","Loeseliastrum matthewsii","seed mass","0.225","mg","data compilation",NA,NA,NA,"http://ucjeps.berkeley.edu/EFT.html","D.D. Ackerly","dackerly@berkeley.edu","United States","California",NA,"public",4428547
"114","Polemoniaceae","Polemonium","Polemonium pulcherrimum","seed mass","0.561","mg","data compilation",NA,NA,NA,"http://ucjeps.berkeley.edu/EFT.html","D.D. Ackerly","dackerly@berkeley.edu","United States","California",NA,"public",4428548
"115","Polemoniaceae","Phlox","Phlox diffusa","seed mass","5.008","mg","data compilation",NA,NA,NA,"http://ucjeps.berkeley.edu/EFT.html","D.D. Ackerly","dackerly@berkeley.edu","United States","California",NA,"public",4428549
"116","Polemoniaceae","Gilia","Gilia tricolor","seed mass","0.4","mg","data compilation",NA,NA,NA,"http://ucjeps.berkeley.edu/EFT.html","D.D. Ackerly","dackerly@berkeley.edu","United States","California",NA,"public",4428689
"117","Polemoniaceae","Ipomopsis","Ipomopsis congesta","seed mass","0.873","mg","data compilation",NA,NA,NA,"http://ucjeps.berkeley.edu/EFT.html","D.D. Ackerly","dackerly@berkeley.edu","United States","California",NA,"public",4429180
"118","Polemoniaceae","Linanthus","Linanthus aureus","seed mass","0.084","mg","data compilation",NA,NA,NA,"http://ucjeps.berkeley.edu/EFT.html","D.D. Ackerly","dackerly@berkeley.edu","United States","California",NA,"public",4429223
"119","Polemoniaceae","Gilia","Gilia achilleifolia","seed mass","0.55","mg","data compilation",NA,NA,NA,"http://ucjeps.berkeley.edu/EFT.html","D.D. Ackerly","dackerly@berkeley.edu","United States","California",NA,"public",4429312
"120","Polemoniaceae","Linanthus","Linanthus parviflorus","seed mass","0.261","mg","data compilation",NA,NA,NA,"http://ucjeps.berkeley.edu/EFT.html","D.D. Ackerly","dackerly@berkeley.edu","United States","California",NA,"public",4429318
"121","Polemoniaceae","Linanthus","Linanthus androsaceus","seed mass","1.193","mg","data compilation",NA,NA,NA,"http://ucjeps.berkeley.edu/EFT.html","D.D. Ackerly","dackerly@berkeley.edu","United States","California",NA,"public",4429319
"122","Polemoniaceae","Allophyllum","Allophyllum gilioides","seed mass","1.952","mg","data compilation",NA,NA,NA,"http://ucjeps.berkeley.edu/EFT.html","D.D. Ackerly","dackerly@berkeley.edu","United States","California",NA,"public",4429320
"123","Polemoniaceae","Phlox","Phlox speciosa","seed mass","9.025","mg","data compilation",NA,NA,NA,"http://ucjeps.berkeley.edu/EFT.html","D.D. Ackerly","dackerly@berkeley.edu","United States","California",NA,"public",4429343
"124","Polemoniaceae","Polemonium","Polemonium californicum","seed mass","1.056","mg","data compilation",NA,NA,NA,"http://ucjeps.berkeley.edu/EFT.html","D.D. Ackerly","dackerly@berkeley.edu","United States","California",NA,"public",4429344
"125","Polemoniaceae","Polemonium","Polemonium pulcherrimum","seed mass","0.338","mg","data compilation",NA,NA,NA,"http://ucjeps.berkeley.edu/EFT.html","D.D. Ackerly","dackerly@berkeley.edu","United States","California",NA,"public",4429345
"126","Polemoniaceae","Ipomopsis","Ipomopsis aggregata","leaf carbon content per leaf dry mass","429.243313","mg.g-1","carbon concentration of oven-dried (70ÃÂ°C for 72 hours) tissue",38.89702,-106.9792,2815,NA,"Cyrille Violle/Brian Enquist ","cyrille.violle@cefe.cnrs.fr;benquist@email.arizona.edu","United States","Colorado","Approximately 1 mile north on Washington Gulch Road from Rte 135 north of Crested Butte CO.","public",14633
"127","Polemoniaceae","Ipomopsis","Ipomopsis aggregata","leaf carbon content per leaf dry mass","449.979","mg.g-1","carbon concentration of oven-dried (70ÃÂ°C for 72 hours) tissue",38.96078,-107.0167,3155,NA,"Cyrille Violle/Brian Enquist ","cyrille.violle@cefe.cnrs.fr;benquist@email.arizona.edu","United States","Colorado","Leaving Crested Butte CO N on Hwy 317 approx 1.5 miles then 6.6 miles N on Washington Gulch Road. Gently sloping subalpine meadow on E side of road. Low NW slopes of Gothic Mountain.","public",3108394
"128","Polemoniaceae","Gilia","Gilia clivorum","whole plant height","0.18","m","We used the Jepson Manual (Jepson & Hickman 1993) for vegetative height, seed size and flowering dates and supplemented using other field guides (Smith 1952; Munz 1959), data bases [Ecological Flora Data base (http://ucjeps.berkeley.edu/efc/dbase.html)] and field measurements as needed.",34.67528,-120.0406,NA,"http://datadryad.org/resource/doi:10.5061/dryad.50hd2","Molinari MA","molinari@lifesci.ucsb.edu","United States","California","foothills of the Santa Ynez Mountains","public",3121194
"129","Polemoniaceae","Gilia","Gilia clivorum","leaf area per leaf dry mass","15.0441","m2.kg-1","SLA was solely obtained via field measurements and calculated on three leaves (from separate individuals) by scanning leaves and analysing the images with Image J (Abramoff, Magalhaes & Ram 2004), petioles were excluded from the analysis. Leaf area for grasses was acquired using the leaf blade (i.e. the portion of the leaf above the sheath and ligule).",34.67528,-120.0406,NA,"http://datadryad.org/resource/doi:10.5061/dryad.50hd2","Molinari MA","molinari@lifesci.ucsb.edu","United States","California","foothills of the Santa Ynez Mountains","public",3158436
"130","Polemoniaceae","Navarretia","Navarretia jaredii","seed mass","0.224","mg","We used the Jepson Manual (Jepson & Hickman 1993) for vegetative height, seed size and flowering dates and supplemented using other field guides (Smith 1952; Munz 1959), data bases [Ecological Flora Data base (http://ucjeps.berkeley.edu/efc/dbase.html)] and field measurements as needed.",34.67528,-120.0406,NA,"http://datadryad.org/resource/doi:10.5061/dryad.50hd2","Molinari MA","molinari@lifesci.ucsb.edu","United States","California","foothills of the Santa Ynez Mountains","public",3166842
"131","Polemoniaceae","Ipomopsis","Ipomopsis aggregata","leaf nitrogen content per leaf dry mass","28.466","mg.g-1","Total amount of N per unit of dry leaf mass - Cornelissen et al. 2003",38.96078,-107.0167,3155,NA,"Cyrille Violle/Brian Enquist ","cyrille.violle@cefe.cnrs.fr;benquist@email.arizona.edu","United States","Colorado","Leaving Crested Butte CO N on Hwy 317 approx 1.5 miles then 6.6 miles N on Washington Gulch Road. Gently sloping subalpine meadow on E side of road. Low NW slopes of Gothic Mountain.","public",3170587
"132","Polemoniaceae","Phlox","Phlox hoodii","leaf nitrogen content per leaf dry mass","17.353","mg.g-1","Total amount of N per unit of dry leaf mass - Cornelissen et al. 2003",38.65511,-106.86,2468,NA,"Cyrille Violle/Brian Enquist ","cyrille.violle@cefe.cnrs.fr;benquist@email.arizona.edu","United States","Colorado","Several hundred meters up Forest Service Access road directly across the street from Almont Campground ~2.5 miles south of Almont on Rt. 135","public",3172563
"133","Polemoniaceae","Phlox","Phlox hoodii","leaf nitrogen content per leaf dry mass","10.988","mg.g-1","Total amount of N per unit of dry leaf mass - Cornelissen et al. 2003",38.65511,-106.86,2468,NA,"Cyrille Violle/Brian Enquist ","cyrille.violle@cefe.cnrs.fr;benquist@email.arizona.edu","United States","Colorado","Several hundred meters up Forest Service Access road directly across the street from Almont Campground ~2.5 miles south of Almont on Rt. 135","public",3172567
"134","Polemoniaceae","Phlox","Phlox hoodii","leaf carbon content per leaf dry mass","362.878","mg.g-1","carbon concentration of oven-dried (70ÃÂ°C for 72 hours) tissue",38.65511,-106.86,2468,NA,"Cyrille Violle/Brian Enquist ","cyrille.violle@cefe.cnrs.fr;benquist@email.arizona.edu","United States","Colorado","Several hundred meters up Forest Service Access road directly across the street from Almont Campground ~2.5 miles south of Almont on Rt. 135","public",3172568
"135","Polemoniaceae","Phlox","Phlox hoodii","leaf carbon content per leaf dry mass","358.899","mg.g-1","carbon concentration of oven-dried (70ÃÂ°C for 72 hours) tissue",38.65511,-106.86,2468,NA,"Cyrille Violle/Brian Enquist ","cyrille.violle@cefe.cnrs.fr;benquist@email.arizona.edu","United States","Colorado","Several hundred meters up Forest Service Access road directly across the street from Almont Campground ~2.5 miles south of Almont on Rt. 135","public",3172575
"136","Polemoniaceae","Phlox","Phlox hoodii","leaf phosphorus content per leaf dry mass","1.39073","mg.g-1",NA,38.65511,-106.86,2468,NA,"Cyrille Violle/Brian Enquist ","cyrille.violle@cefe.cnrs.fr;benquist@email.arizona.edu","United States","Colorado","Several hundred meters up Forest Service Access road directly across the street from Almont Campground ~2.5 miles south of Almont on Rt. 135","public",3172602
"137","Polemoniaceae","Navarretia","Navarretia jaredii","leaf area per leaf dry mass","15.1824","m2.kg-1","SLA was solely obtained via field measurements and calculated on three leaves (from separate individuals) by scanning leaves and analysing the images with Image J (Abramoff, Magalhaes & Ram 2004), petioles were excluded from the analysis. Leaf area for grasses was acquired using the leaf blade (i.e. the portion of the leaf above the sheath and ligule).",34.67528,-120.0406,NA,"http://datadryad.org/resource/doi:10.5061/dryad.50hd2","Molinari MA","molinari@lifesci.ucsb.edu","United States","California","foothills of the Santa Ynez Mountains","public",3261571
"138","Polemoniaceae","Phlox","Phlox hoodii","leaf phosphorus content per leaf dry mass","1.43958","mg.g-1",NA,38.65511,-106.86,2468,NA,"Cyrille Violle/Brian Enquist ","cyrille.violle@cefe.cnrs.fr;benquist@email.arizona.edu","United States","Colorado","Several hundred meters up Forest Service Access road directly across the street from Almont Campground ~2.5 miles south of Almont on Rt. 135","public",3262112
"139","Polemoniaceae","Navarretia","Navarretia jaredii","whole plant height","0.115","m","We used the Jepson Manual (Jepson & Hickman 1993) for vegetative height, seed size and flowering dates and supplemented using other field guides (Smith 1952; Munz 1959), data bases [Ecological Flora Data base (http://ucjeps.berkeley.edu/efc/dbase.html)] and field measurements as needed.",34.67528,-120.0406,NA,"http://datadryad.org/resource/doi:10.5061/dryad.50hd2","Molinari MA","molinari@lifesci.ucsb.edu","United States","California","foothills of the Santa Ynez Mountains","public",3450242
"140","Polemoniaceae","Phlox","Phlox hoodii","leaf phosphorus content per leaf dry mass","1.78773","mg.g-1",NA,38.65511,-106.86,2468,NA,"Cyrille Violle/Brian Enquist ","cyrille.violle@cefe.cnrs.fr;benquist@email.arizona.edu","United States","Colorado","Several hundred meters up Forest Service Access road directly across the street from Almont Campground ~2.5 miles south of Almont on Rt. 135","public",4020866
"141","Polemoniaceae","Phlox","Phlox hoodii","leaf carbon content per leaf dry mass","425.86","mg.g-1","carbon concentration of oven-dried (70ÃÂ°C for 72 hours) tissue",38.65511,-106.86,2468,NA,"Cyrille Violle/Brian Enquist ","cyrille.violle@cefe.cnrs.fr;benquist@email.arizona.edu","United States","Colorado","Several hundred meters up Forest Service Access road directly across the street from Almont Campground ~2.5 miles south of Almont on Rt. 135","public",4021425
"142","Polemoniaceae","Ipomopsis","Ipomopsis aggregata","leaf carbon content per leaf dry mass","452.508","mg.g-1","carbon concentration of oven-dried (70ÃÂ°C for 72 hours) tissue",38.96078,-107.0167,3155,NA,"Cyrille Violle/Brian Enquist ","cyrille.violle@cefe.cnrs.fr;benquist@email.arizona.edu","United States","Colorado","Leaving Crested Butte CO N on Hwy 317 approx 1.5 miles then 6.6 miles N on Washington Gulch Road. Gently sloping subalpine meadow on E side of road. Low NW slopes of Gothic Mountain.","public",4302607
"143","Polemoniaceae","Ipomopsis","Ipomopsis aggregata","leaf nitrogen content per leaf dry mass","26.733","mg.g-1","Total amount of N per unit of dry leaf mass - Cornelissen et al. 2003",38.89702,-106.9792,2815,NA,"Cyrille Violle/Brian Enquist ","cyrille.violle@cefe.cnrs.fr;benquist@email.arizona.edu","United States","Colorado","Approximately 1 mile north on Washington Gulch Road from Rte 135 north of Crested Butte CO.","public",4302659
"144","Polemoniaceae","Ipomopsis","Ipomopsis aggregata","leaf nitrogen content per leaf dry mass","29.617","mg.g-1","Total amount of N per unit of dry leaf mass - Cornelissen et al. 2003",38.96078,-107.0167,3155,NA,"Cyrille Violle/Brian Enquist ","cyrille.violle@cefe.cnrs.fr;benquist@email.arizona.edu","United States","Colorado","Leaving Crested Butte CO N on Hwy 317 approx 1.5 miles then 6.6 miles N on Washington Gulch Road. Gently sloping subalpine meadow on E side of road. Low NW slopes of Gothic Mountain.","public",4302660
"145","Polemoniaceae","Ipomopsis","Ipomopsis aggregata","leaf phosphorus content per leaf dry mass","2.33516","mg.g-1",NA,38.89702,-106.9792,2815,NA,"Cyrille Violle/Brian Enquist ","cyrille.violle@cefe.cnrs.fr;benquist@email.arizona.edu","United States","Colorado","Approximately 1 mile north on Washington Gulch Road from Rte 135 north of Crested Butte CO.","public",4302669
"146","Polemoniaceae","Ipomopsis","Ipomopsis aggregata","leaf carbon content per leaf dry mass","435.982","mg.g-1","carbon concentration of oven-dried (70ÃÂ°C for 72 hours) tissue",38.96078,-107.0167,3155,NA,"Cyrille Violle/Brian Enquist ","cyrille.violle@cefe.cnrs.fr;benquist@email.arizona.edu","United States","Colorado","Leaving Crested Butte CO N on Hwy 317 approx 1.5 miles then 6.6 miles N on Washington Gulch Road. Gently sloping subalpine meadow on E side of road. Low NW slopes of Gothic Mountain.","public",4302670
"147","Polemoniaceae","Ipomopsis","Ipomopsis aggregata","leaf nitrogen content per leaf dry mass","29.656","mg.g-1","Total amount of N per unit of dry leaf mass - Cornelissen et al. 2003",38.96078,-107.0167,3155,NA,"Cyrille Violle/Brian Enquist ","cyrille.violle@cefe.cnrs.fr;benquist@email.arizona.edu","United States","Colorado","Leaving Crested Butte CO N on Hwy 317 approx 1.5 miles then 6.6 miles N on Washington Gulch Road. Gently sloping subalpine meadow on E side of road. Low NW slopes of Gothic Mountain.","public",4302671
